{"cameraMode":{"drawMode":0,"name":"Shaded","section":"Shading Mode"},"sceneLighting":true,"audioPlay":false,"sceneViewState":{"m_AlwaysRefresh":false,"showFog":true,"showSkybox":true,"showFlares":true,"showImageEffects":true,"showParticleSystems":true,"showVisualEffectGraphs":true,"m_FxEnabled":true},"in2DMode":false,"pivot":{"x":1732.3084716796875,"y":1126.6622314453125,"z":2211.56298828125},"rotation":{"x":-0.028805838897824289,"y":0.000597006524913013,"z":-0.000017319272956228815,"w":-0.9995866417884827},"size":2625.4560546875,"orthographic":false}